98058,Test Book,Test Author,Fiction,Fantasy,1970,1
31415,Test Book,Test Author,Fiction,Fantasy,2000,1
42909,Test Book,Test Author,Fiction,Fantasy,1970,1
31415,Test Book,Test Author,Fiction,Fantasy,2000,1
85502,Test Book,Test Author,Fiction,Fantasy,1970,1
31415,Test Book,Test Author,Fiction,Fantasy,2000,1
32707,Test Book,Test Author,Fiction,Fantasy,1970,1
31415,Test Book,Test Author,Fiction,Fantasy,2000,1
20877,Test Book,Test Author,Fiction,Fantasy,1970,1
31415,Test Book,Test Author,Fiction,Fantasy,2000,1
96308,Test Book,Test Author,Fiction,Fantasy,1970,1
31415,Test Book,Test Author,Fiction,Fantasy,2000,1
57519,Test Book,Test Author,Fiction,Fantasy,1970,1
31415,Test Book,Test Author,Fiction,Fantasy,2000,1
49443,Test Book,Test Author,Fiction,Fantasy,1970,1
31415,Test Book,Test Author,Fiction,Fantasy,2000,1
90212,Test Book,Test Author,Fiction,Fantasy,1970,1
31415,Test Book,Test Author,Fiction,Fantasy,2000,1
85950,Test Book,Test Author,Fiction,Fantasy,1970,1
31415,Test Book,Test Author,Fiction,Fantasy,2000,1
75261,Test Book,Test Author,Fiction,Fantasy,1970,1
31415,Test Book,Test Author,Fiction,Fantasy,2000,1
11200,Test Book,Test Author,Fiction,Fantasy,1970,1
31415,Test Book,Test Author,Fiction,Fantasy,2000,1
10720,Test Book,Test Author,Fiction,Fantasy,1970,1
31415,Test Book,Test Author,Fiction,Fantasy,2000,1
98127,Test Book,Test Author,Fiction,Fantasy,1970,1
31415,Test Book,Test Author,Fiction,Fantasy,2000,1
64645,Test Book,Test Author,Fiction,Fantasy,1970,1
31415,Test Book,Test Author,Fiction,Fantasy,2000,1
78159,Test Book,Test Author,Fiction,Fantasy,1970,1
31415,Test Book,Test Author,Fiction,Fantasy,2000,1
26751,Test Book,Test Author,Fiction,Fantasy,1970,1
31415,Test Book,Test Author,Fiction,Fantasy,2000,1
87598,Test Book,Test Author,Fiction,Fantasy,1970,1
31415,Test Book,Test Author,Fiction,Fantasy,2000,1
18731,Test Book,Test Author,Fiction,Fantasy,1970,1
31415,Test Book,Test Author,Fiction,Fantasy,2000,1
37059,Test Book,Test Author,Fiction,Fantasy,1970,1
31415,Test Book,Test Author,Fiction,Fantasy,2000,1
97563,Test Book,Test Author,Fiction,Fantasy,1970,1
31415,Test Book,Test Author,Fiction,Fantasy,2000,1
72219,Test Book,Test Author,Fiction,Fantasy,1970,1
31415,Test Book,Test Author,Fiction,Fantasy,2000,1
55996,Test Book,Test Author,Fiction,Fantasy,1970,1
31415,Test Book,Test Author,Fiction,Fantasy,2000,1
67566,Test Book,Test Author,Fiction,Fantasy,1970,1
31415,Test Book,Test Author,Fiction,Fantasy,2000,1
60077,Test Book,Test Author,Fiction,Fantasy,1970,1
31415,Test Book,Test Author,Fiction,Fantasy,2000,1
33659,Test Book,Test Author,Fiction,Fantasy,1970,1
31415,Test Book,Test Author,Fiction,Fantasy,2000,1
10338,Test Book,Test Author,Fiction,Fantasy,1970,1
31415,Test Book,Test Author,Fiction,Fantasy,2000,1
53763,Test Book,Test Author,Fiction,Fantasy,1970,1
40960,Test Book,Test Author,Fiction,Fantasy,2000,1
78551,Test Book,Test Author,Fiction,Fantasy,1970,1
29485,Test Book,Test Author,Fiction,Fantasy,2000,1
16837,Test Book,Test Author,Fiction,Fantasy,1970,1
59860,Test Book,Test Author,Fiction,Fantasy,2000,1
35658,Test Book,Test Author,Fiction,Fantasy,1970,1
93928,Test Book,Test Author,Fiction,Fantasy,2000,1
